,Departments,Authors,Inventions
0,Chemistry 2018,Frances H. Arnold,for the directed evolution of enzymes
1,Literature 2018,Olga Tokarczuk,for a narrative imagination that with encyclopedic passion represents the crossing of boundaries as a form of life
2,The Nobel Peace Prize 2018,Denis Mukwege and Nadia Murad,for their efforts to end the use of sexual violence as a weapon of war and armed conflict
3,The Sveriges Riksbank Prize in Economic Sciences in Memory of Alfred Nobel 2018,William D. Nordhaus,for integrating climate change into long-run macroeconomic analysis
4,Physics 2017,"Rainer Weiss, Barry C. Barish and Kip S. Thorne",for decisive contributions to the LIGO detector and the observation of gravitational waves
5,Chemistry 2017,"Jacques Dubochet, Joachim Frank and Richard Henderson",for developing cryo-electron microscopy for the high-resolution structure determination of biomolecules in solution
6,Physiology or Medicine 2017,"Jeffrey C. Hall, Michael Rosbash and Michael W. Young",for their discoveries of molecular mechanisms controlling the circadian rhythm
7,Literature 2017,Kazuo Ishiguro,"who, in novels of great emotional force, has uncovered the abyss beneath our illusory sense of connection with the world"
8,The Nobel Peace Prize 2017,International Campaign to Abolish Nuclear Weapons (ICAN),for its work to draw attention to the catastrophic humanitarian consequences of any use of nuclear weapons and for its ground-breaking efforts to achieve a treaty-based prohibition of such weapons
9,The Sveriges Riksbank Prize in Economic Sciences in Memory of Alfred Nobel 2017,Richard H. Thaler,for his contributions to behavioural economics
10,Physics 2016,"David J. Thouless, F. Duncan M. Haldane and J. Michael Kosterlitz",for theoretical discoveries of topological phase transitions and topological phases of matter
11,Chemistry 2016,"Jean-Pierre Sauvage, Sir J. Fraser Stoddart and Bernard L. Feringa",for the design and synthesis of molecular machines
12,Physiology or Medicine 2016,Yoshinori Ohsumi,for his discoveries of mechanisms for autophagy
13,Literature 2016,Bob Dylan,for having created new poetic expressions within the great American song tradition
14,The Nobel Peace Prize 2016,Juan Manuel Santos,for his resolute efforts to bring the country’s more than 50-year-long civil war to an end
15,The Sveriges Riksbank Prize in Economic Sciences in Memory of Alfred Nobel 2016,Oliver Hart and Bengt Holmström,for their contributions to contract theory
16,Physics 2015,Takaaki Kajita and Arthur B. McDonald,"for the discovery of neutrino oscillations, which shows that neutrinos have mass"
17,Chemistry 2015,"Tomas Lindahl, Paul Modrich and Aziz Sancar",for mechanistic studies of DNA repair
18,Physiology or Medicine 2015,William C. Campbell and Satoshi Ōmura,for their discoveries concerning a novel therapy against infections caused by roundworm parasites
19,Literature 2015,Svetlana Alexievich,"for her polyphonic writings, a monument to suffering and courage in our time"
20,The Nobel Peace Prize 2015,National Dialogue Quartet,for its decisive contribution to the building of a pluralistic democracy in Tunisia in the wake of the Jasmine Revolution of 2011
21,The Sveriges Riksbank Prize in Economic Sciences in Memory of Alfred Nobel 2015,Angus Deaton,"for his analysis of consumption, poverty, and welfare"
22,Physics 2014,"Isamu Akasaki, Hiroshi Amano and Shuji Nakamura",for the invention of efficient blue light-emitting diodes which has enabled bright and energy-saving white light sources
23,Chemistry 2014,"Eric Betzig, Stefan W. Hell and William E. Moerner",for the development of super-resolved fluorescence microscopy
24,Physiology or Medicine 2014,"John O’Keefe, May-Britt Moser and Edvard I. Moser",for their discoveries of cells that constitute a positioning system in the brain
25,Literature 2014,Patrick Modiano,for the art of memory with which he has evoked the most ungraspable human destinies and uncovered the life-world of the occupation
26,The Nobel Peace Prize 2014,Kailash Satyarthi and Malala Yousafzai,for their struggle against the suppression of children and young people and for the right of all children to education
27,The Sveriges Riksbank Prize in Economic Sciences in Memory of Alfred Nobel 2014,Jean Tirole,for his analysis of market power and regulation
28,Physics 2013,François Englert and Peter W. Higgs,"for the theoretical discovery of a mechanism that contributes to our understanding of the origin of mass of subatomic particles, and which recently was confirmed through the discovery of the predicted fundamental particle, by the ATLAS and CMS experiments at CERN’s Large Hadron Collider"
29,Chemistry 2013,"Martin Karplus, Michael Levitt and Arieh Warshel",for the development of multiscale models for complex chemical systems
30,Physiology or Medicine 2013,"James E. Rothman, Randy W. Schekman and Thomas C. Südhof","for their discoveries of machinery regulating vesicle traffic, a major transport system in our cells"
31,Literature 2013,Alice Munro,master of the contemporary short story
32,The Nobel Peace Prize 2013,Organisation for the Prohibition of Chemical Weapons (OPCW),for its extensive efforts to eliminate chemical weapons
33,The Sveriges Riksbank Prize in Economic Sciences in Memory of Alfred Nobel 2013,"Eugene F. Fama, Lars Peter Hansen and Robert J. Shiller",for their empirical analysis of asset prices
34,Physics 2012,Serge Haroche and David J. Wineland,for ground-breaking experimental methods that enable measuring and manipulation of individual quantum systems
35,Chemistry 2012,Robert J. Lefkowitz and Brian K. Kobilka,for studies of G-protein-coupled receptors
36,Physiology or Medicine 2012,Sir John B. Gurdon and Shinya Yamanaka,for the discovery that mature cells can be reprogrammed to become pluripotent
37,Literature 2012,Mo Yan,"who with hallucinatory realism merges folk tales, history and the contemporary"
38,The Nobel Peace Prize 2012,European Union (EU),"for over six decades contributed to the advancement of peace and reconciliation, democracy and human rights in Europe"
39,The Sveriges Riksbank Prize in Economic Sciences in Memory of Alfred Nobel 2012,Alvin E. Roth and Lloyd S. Shapley,for the theory of stable allocations and the practice of market design
40,Physics 2011,"Saul Perlmutter, Brian P. Schmidt and Adam G. Riess",for the discovery of the accelerating expansion of the Universe through observations of distant supernovae
41,Chemistry 2011,Dan Shechtman,for the discovery of quasicrystals
42,Physiology or Medicine 2011,Bruce A. Beutler and Jules A. Hoffmann,for their discoveries concerning the activation of innate immunity
43,Literature 2011,Tomas Tranströmer,"because, through his condensed, translucent images, he gives us fresh access to reality"
44,The Nobel Peace Prize 2011,"Ellen Johnson Sirleaf, Leymah Gbowee and Tawakkol Karman",for their non-violent struggle for the safety of women and for women’s rights to full participation in peace-building work
45,The Sveriges Riksbank Prize in Economic Sciences in Memory of Alfred Nobel 2011,Thomas J. Sargent and Christopher A. Sims,for their empirical research on cause and effect in the macroeconomy
46,Physics 2010,Andre Geim and Konstantin Novoselov,for groundbreaking experiments regarding the two-dimensional material graphene
47,Chemistry 2010,"Richard F. Heck, Ei-ichi Negishi and Akira Suzuki",for palladium-catalyzed cross couplings in organic synthesis
48,Physiology or Medicine 2010,Robert G. Edwards,for the development of in vitro fertilization
49,Literature 2010,Mario Vargas Llosa,"for his cartography of structures of power and his trenchant images of the individual’s resistance, revolt, and defeat"
50,The Nobel Peace Prize 2010,Liu Xiaobo,for his long and non-violent struggle for fundamental human rights in China
51,The Sveriges Riksbank Prize in Economic Sciences in Memory of Alfred Nobel 2010,"Peter A. Diamond, Dale T. Mortensen and Christopher A. Pissarides",for their analysis of markets with search frictions
52,Physics 2009,Charles Kuen Kao,for groundbreaking achievements concerning the transmission of light in fibers for optical communication
53,Chemistry 2009,"Venkatraman Ramakrishnan, Thomas A. Steitz and Ada E. Yonath",for studies of the structure and function of the ribosome
54,Physiology or Medicine 2009,"Elizabeth H. Blackburn, Carol W. Greider and Jack W. Szostak",for the discovery of how chromosomes are protected by telomeres and the enzyme telomerase
55,Literature 2009,Herta Müller,"who, with the concentration of poetry and the frankness of prose, depicts the landscape of the dispossessed"
56,The Nobel Peace Prize 2009,Barack H. Obama,for his extraordinary efforts to strengthen international diplomacy and cooperation between peoples
57,The Sveriges Riksbank Prize in Economic Sciences in Memory of Alfred Nobel 2009,Elinor Ostrom,"for her analysis of economic governance, especially the commons"
58,Physics 2008,Yoichiro Nambu,for the discovery of the mechanism of spontaneous broken symmetry in subatomic physics
59,Chemistry 2008,"Osamu Shimomura, Martin Chalfie and Roger Y. Tsien","for the discovery and development of the green fluorescent protein, GFP"
60,Physiology or Medicine 2008,Harald zur Hausen,for his discovery of human papilloma viruses causing cervical cancer
61,Literature 2008,Jean-Marie Gustave Le Clézio,"author of new departures, poetic adventure and sensual ecstasy, explorer of a humanity beyond and below the reigning civilization"
62,The Nobel Peace Prize 2008,Martti Ahtisaari,"for his important efforts, on several continents and over more than three decades, to resolve international conflicts"
63,The Sveriges Riksbank Prize in Economic Sciences in Memory of Alfred Nobel 2008,Paul Krugman,for his analysis of trade patterns and location of economic activity
64,Physics 2007,Albert Fert and Peter Grünberg,for the discovery of Giant Magnetoresistance
65,Chemistry 2007,Gerhard Ertl,for his studies of chemical processes on solid surfaces
66,Physiology or Medicine 2007,"Mario R. Capecchi, Sir Martin J. Evans and Oliver Smithies",for their discoveries of principles for introducing specific gene modifications in mice by the use of embryonic stem cells
67,Literature 2007,Doris Lessing,"that epicist of the female experience, who with scepticism, fire and visionary power has subjected a divided civilisation to scrutiny"
68,The Nobel Peace Prize 2007,Intergovernmental Panel on Climate Change (IPCC) and Albert Arnold (Al) Gore Jr.,"for their efforts to build up and disseminate greater knowledge about man-made climate change, and to lay the foundations for the measures that are needed to counteract such change"
69,The Sveriges Riksbank Prize in Economic Sciences in Memory of Alfred Nobel 2007,"Leonid Hurwicz, Eric S. Maskin and Roger B. Myerson",for having laid the foundations of mechanism design theory
70,Physics 2006,John C. Mather and George F. Smoot,for their discovery of the blackbody form and anisotropy of the cosmic microwave background radiation
71,Chemistry 2006,Roger D. Kornberg,for his studies of the molecular basis of eukaryotic transcription
72,Physiology or Medicine 2006,Andrew Z. Fire and Craig C. Mello,for their discovery of RNA interference – gene silencing by double-stranded RNA
73,Literature 2006,Orhan Pamuk,who in the quest for the melancholic soul of his native city has discovered new symbols for the clash and interlacing of cultures
74,The Nobel Peace Prize 2006,Muhammad Yunus and Grameen Bank,for their efforts to create economic and social development from below
75,The Sveriges Riksbank Prize in Economic Sciences in Memory of Alfred Nobel 2006,Edmund S. Phelps,for his analysis of intertemporal tradeoffs in macroeconomic policy
76,Physics 2005,Roy J. Glauber,for his contribution to the quantum theory of optical coherence
77,Chemistry 2005,"Yves Chauvin, Robert H. Grubbs and Richard R. Schrock",for the development of the metathesis method in organic synthesis
78,Physiology or Medicine 2005,Barry J. Marshall and J. Robin Warren,for their discovery of the bacterium Helicobacter pylori and its role in gastritis and peptic ulcer disease
79,Literature 2005,Harold Pinter,who in his plays uncovers the precipice under everyday prattle and forces entry into oppression’s closed rooms
80,The Nobel Peace Prize 2005,International Atomic Energy Agency (IAEA) and Mohamed ElBaradei,for their efforts to prevent nuclear energy from being used for military purposes and to ensure that nuclear energy for peaceful purposes is used in the safest possible way
81,The Sveriges Riksbank Prize in Economic Sciences in Memory of Alfred Nobel 2005,Robert J. Aumann and Thomas C. Schelling,for having enhanced our understanding of conflict and cooperation through game-theory analysis
82,Physics 2004,"David J. Gross, H. David Politzer and Frank Wilczek",for the discovery of asymptotic freedom in the theory of the strong interaction
83,Chemistry 2004,"Aaron Ciechanover, Avram Hershko and Irwin Rose",for the discovery of ubiquitin-mediated protein degradation
84,Physiology or Medicine 2004,Richard Axel and Linda B. Buck,for their discoveries of odorant receptors and the organization of the olfactory system
85,Literature 2004,Elfriede Jelinek,for her musical flow of voices and counter-voices in novels and plays that with extraordinary linguistic zeal reveal the absurdity of society’s clichés and their subjugating power
86,The Nobel Peace Prize 2004,Wangari Muta Maathai,"for her contribution to sustainable development, democracy and peace"
87,The Sveriges Riksbank Prize in Economic Sciences in Memory of Alfred Nobel 2004,Finn E. Kydland and Edward C. Prescott,for their contributions to dynamic macroeconomics: the time consistency of economic policy and the driving forces behind business cycles
88,Physics 2003,"Alexei A. Abrikosov, Vitaly L. Ginzburg and Anthony J. Leggett",for pioneering contributions to the theory of superconductors and superfluids
89,Chemistry 2003,,for discoveries concerning channels in cell membranes
90,Physiology or Medicine 2003,Paul C. Lauterbur and Sir Peter Mansfield,for their discoveries concerning magnetic resonance imaging
91,Literature 2003,John M. Coetzee,who in innumerable guises portrays the surprising involvement of the outsider
92,The Nobel Peace Prize 2003,Shirin Ebadi,for her efforts for democracy and human rights. She has focused especially on the struggle for the rights of women and children
93,The Sveriges Riksbank Prize in Economic Sciences in Memory of Alfred Nobel 2003,Robert F. Engle III,for methods of analyzing economic time series with time-varying volatility (ARCH)
94,Physics 2002,Raymond Davis Jr. and Masatoshi Koshiba,"for pioneering contributions to astrophysics, in particular for the detection of cosmic neutrinos"
95,Chemistry 2002,,for the development of methods for identification and structure analyses of biological macromolecules
96,Physiology or Medicine 2002,"Sydney Brenner, H. Robert Horvitz and John E. Sulston",for their discoveries concerning genetic regulation of organ development and programmed cell death'
97,Literature 2002,Imre Kertész,for writing that upholds the fragile experience of the individual against the barbaric arbitrariness of history
98,The Nobel Peace Prize 2002,Jimmy Carter,"for his decades of untiring effort to find peaceful solutions to international conflicts, to advance democracy and human rights, and to promote economic and social development"
99,The Sveriges Riksbank Prize in Economic Sciences in Memory of Alfred Nobel 2002,Daniel Kahneman,"for having integrated insights from psychological research into economic science, especially concerning human judgment and decision-making under uncertainty"
100,Physics 2001,"Eric A. Cornell, Wolfgang Ketterle and Carl E. Wieman","for the achievement of Bose-Einstein condensation in dilute gases of alkali atoms, and for early fundamental studies of the properties of the condensates"
101,Chemistry 2001,William S. Knowles and Ryoji Noyori,for their work on chirally catalysed hydrogenation reactions
102,Physiology or Medicine 2001,"Leland H. Hartwell, Tim Hunt and Sir Paul M. Nurse",for their discoveries of key regulators of the cell cycle
103,Literature 2001,Sir Vidiadhar Surajprasad Naipaul,for having united perceptive narrative and incorruptible scrutiny in works that compel us to see the presence of suppressed histories
104,The Nobel Peace Prize 2001,United Nations (UN) and Kofi Annan,for their work for a better organized and more peaceful world
105,The Sveriges Riksbank Prize in Economic Sciences in Memory of Alfred Nobel 2001,"George A. Akerlof, A. Michael Spence and Joseph E. Stiglitz",for their analyses of markets with asymmetric information
106,Physics 2000,,for basic work on information and communication technology
107,Chemistry 2000,"Alan J. Heeger, Alan G. MacDiarmid and Hideki Shirakawa",for the discovery and development of conductive polymers
108,Physiology or Medicine 2000,"Arvid Carlsson, Paul Greengard and Eric R. Kandel",for their discoveries concerning signal transduction in the nervous system
109,Literature 2000,Gao Xingjian,"for an æuvre of universal validity, bitter insights and linguistic ingenuity, which has opened new paths for the Chinese novel and drama"
110,The Nobel Peace Prize 2000,Kim Dae-jung,"for his work for democracy and human rights in South Korea and in East Asia in general, and for peace and reconciliation with North Korea in particular"
111,The Sveriges Riksbank Prize in Economic Sciences in Memory of Alfred Nobel 2000,James J. Heckman,for his development of theory and methods for analyzing selective samples
112,Physics 1999,Gerardus ‘t Hooft and Martinus J.G. Veltman,for elucidating the quantum structure of electroweak interactions in physics
113,Chemistry 1999,Ahmed H. Zewail,for his studies of the transition states of chemical reactions using femtosecond spectroscopy
114,Physiology or Medicine 1999,Günter Blobel,for the discovery that proteins have intrinsic signals that govern their transport and localization in the cell
115,Literature 1999,Günter Grass,whose frolicsome black fables portray the forgotten face of history
116,The Nobel Peace Prize 1999,Médecins Sans Frontières,in recognition of the organization’s pioneering humanitarian work on several continents
117,The Sveriges Riksbank Prize in Economic Sciences in Memory of Alfred Nobel 1999,Robert A. Mundell,for his analysis of monetary and fiscal policy under different exchange rate regimes and his analysis of optimum currency areas
118,Physics 1998,"Robert B. Laughlin, Horst L. Störmer and Daniel C. Tsui",for their discovery of a new form of quantum fluid with fractionally charged excitations
119,Chemistry 1998,Walter Kohn,for his development of the density-functional theory
120,Physiology or Medicine 1998,"Robert F. Furchgott, Louis J. Ignarro and Ferid Murad",for their discoveries concerning nitric oxide as a signalling molecule in the cardiovascular system
121,Literature 1998,José Saramago,"who with parables sustained by imagination, compassion and irony continually enables us once again to apprehend an elusory reality"
122,The Nobel Peace Prize 1998,John Hume and David Trimble,for their efforts to find a peaceful solution to the conflict in Northern Ireland
123,The Sveriges Riksbank Prize in Economic Sciences in Memory of Alfred Nobel 1998,Amartya Sen,for his contributions to welfare economics
124,Physics 1997,"Steven Chu, Claude Cohen-Tannoudji and William D. Phillips",for development of methods to cool and trap atoms with laser light
125,Chemistry 1997,Paul D. Boyer and John E. Walker,for their elucidation of the enzymatic mechanism underlying the synthesis of adenosine triphosphate (ATP)
126,Physiology or Medicine 1997,Stanley B. Prusiner,for his discovery of Prions – a new biological principle of infection
127,Literature 1997,Dario Fo,who emulates the jesters of the Middle Ages in scourging authority and upholding the dignity of the downtrodden
128,The Nobel Peace Prize 1997,International Campaign to Ban Landmines (ICBL) and Jody Williams,for their work for the banning and clearing of anti-personnel mines
129,The Sveriges Riksbank Prize in Economic Sciences in Memory of Alfred Nobel 1997,Robert C. Merton and Myron S. Scholes,for a new method to determine the value of derivatives
130,Physics 1996,"David M. Lee, Douglas D. Osheroff and Robert C. Richardson",for their discovery of superfluidity in helium-3
131,Chemistry 1996,"Robert F. Curl Jr., Sir Harold W. Kroto and Richard E. Smalley",for their discovery of fullerenes
132,Physiology or Medicine 1996,Peter C. Doherty and Rolf M. Zinkernagel,for their discoveries concerning the specificity of the cell mediated immune defence
133,Literature 1996,Wislawa Szymborska,for poetry that with ironic precision allows the historical and biological context to come to light in fragments of human reality
134,The Nobel Peace Prize 1996,Carlos Filipe Ximenes Belo and José Ramos-Horta,for their work towards a just and peaceful solution to the conflict in East Timor
135,The Sveriges Riksbank Prize in Economic Sciences in Memory of Alfred Nobel 1996,James A. Mirrlees and William Vickrey,for their fundamental contributions to the economic theory of incentives under asymmetric information
136,Physics 1995,,for pioneering experimental contributions to lepton physics
137,Chemistry 1995,"Paul J. Crutzen, Mario J. Molina and F. Sherwood Rowland","for their work in atmospheric chemistry, particularly concerning the formation and decomposition of ozone"
138,Physiology or Medicine 1995,"Edward B. Lewis, Christiane Nüsslein-Volhard and Eric F. Wieschaus",for their discoveries concerning the genetic control of early embryonic development
139,Literature 1995,Seamus Heaney,"for works of lyrical beauty and ethical depth, which exalt everyday miracles and the living past"
140,The Nobel Peace Prize 1995,Joseph Rotblat and Pugwash Conferences on Science and World Affairs,"for their efforts to diminish the part played by nuclear arms in international politics and, in the longer run, to eliminate such arms"
141,The Sveriges Riksbank Prize in Economic Sciences in Memory of Alfred Nobel 1995,Robert E. Lucas Jr.,"for having developed and applied the hypothesis of rational expectations, and thereby having transformed macroeconomic analysis and deepened our understanding of economic policy"
142,Physics 1994,,for pioneering contributions to the development of neutron scattering techniques for studies of condensed matter
143,Chemistry 1994,George A. Olah,for his contribution to carbocation chemistry
144,Physiology or Medicine 1994,Alfred G. Gilman and Martin Rodbell,for their discovery of G-proteins and the role of these proteins in signal transduction in cells
145,Literature 1994,Kenzaburo Oe,"who with poetic force creates an imagined world, where life and myth condense to form a disconcerting picture of the human predicament today"
146,The Nobel Peace Prize 1994,"Yasser Arafat, Shimon Peres and Yitzhak Rabin",for their efforts to create peace in the Middle East
147,The Sveriges Riksbank Prize in Economic Sciences in Memory of Alfred Nobel 1994,"John C. Harsanyi, John F. Nash Jr. and Reinhard Selten",for their pioneering analysis of equilibria in the theory of non-cooperative games
148,Physics 1993,Russell A. Hulse and Joseph H. Taylor Jr.,"for the discovery of a new type of pulsar, a discovery that has opened up new possibilities for the study of gravitation"
149,Chemistry 1993,,for contributions to the developments of methods within DNA-based chemistry
150,Physiology or Medicine 1993,Richard J. Roberts and Phillip A. Sharp,for their discoveries of split genes
151,Literature 1993,Toni Morrison,"who in novels characterized by visionary force and poetic import, gives life to an essential aspect of American reality"
152,The Nobel Peace Prize 1993,Nelson Mandela and Frederik Willem de Klerk,"for their work for the peaceful termination of the apartheid regime, and for laying the foundations for a new democratic South Africa"
153,The Sveriges Riksbank Prize in Economic Sciences in Memory of Alfred Nobel 1993,Robert W. Fogel and Douglass C. North,for having renewed research in economic history by applying economic theory and quantitative methods in order to explain economic and institutional change
154,Physics 1992,Georges Charpak,"for his invention and development of particle detectors, in particular the multiwire proportional chamber"
155,Chemistry 1992,Rudolph A. Marcus,for his contributions to the theory of electron transfer reactions in chemical systems
156,Physiology or Medicine 1992,Edmond H. Fischer and Edwin G. Krebs,for their discoveries concerning reversible protein phosphorylation as a biological regulatory mechanism
157,Literature 1992,Derek Walcott,"for a poetic oeuvre of great luminosity, sustained by a historical vision, the outcome of a multicultural commitment"
158,The Nobel Peace Prize 1992,Rigoberta Menchú Tum,for her struggle for social justice and ethno-cultural reconciliation based on respect for the rights of indigenous peoples
159,The Sveriges Riksbank Prize in Economic Sciences in Memory of Alfred Nobel 1992,Gary S. Becker,"for having extended the domain of microeconomic analysis to a wide range of human behaviour and interaction, including nonmarket behaviour"
160,Physics 1991,Pierre-Gilles de Gennes,"for discovering that methods developed for studying order phenomena in simple systems can be generalized to more complex forms of matter, in particular to liquid crystals and polymers"
161,Chemistry 1991,Richard R. Ernst,for his contributions to the development of the methodology of high resolution nuclear magnetic resonance (NMR) spectroscopy
162,Physiology or Medicine 1991,Erwin Neher and Bert Sakmann,for their discoveries concerning the function of single ion channels in cells
163,Literature 1991,Nadine Gordimer,who through her magnificent epic writing has – in the words of Alfred Nobel – been of very great benefit to humanity
164,The Nobel Peace Prize 1991,Aung San Suu Kyi,for her non-violent struggle for democracy and human rights
165,The Sveriges Riksbank Prize in Economic Sciences in Memory of Alfred Nobel 1991,Ronald H. Coase,for his discovery and clarification of the significance of transaction costs and property rights for the institutional structure and functioning of the economy
166,Physics 1990,"Jerome I. Friedman, Henry W. Kendall and Richard E. Taylor","for their pioneering investigations concerning deep inelastic scattering of electrons on protons and bound neutrons, which have been of essential importance for the development of the quark model in particle physics"
167,Chemistry 1990,Elias James Corey,for his development of the theory and methodology of organic synthesis
168,Physiology or Medicine 1990,Joseph E. Murray and E. Donnall Thomas,for their discoveries concerning organ and cell transplantation in the treatment of human disease
169,Literature 1990,Octavio Paz,"for impassioned writing with wide horizons, characterized by sensuous intelligence and humanistic integrity"
170,The Nobel Peace Prize 1990,Mikhail Sergeyevich Gorbachev,for his leading role in the peace process which today characterizes important parts of the international community
171,The Sveriges Riksbank Prize in Economic Sciences in Memory of Alfred Nobel 1990,"Harry M. Markowitz, Merton H. Miller and William F. Sharpe",for their pioneering work in the theory of financial economics
172,Physics 1989,Norman F. Ramsey,for the invention of the separated oscillatory fields method and its use in the hydrogen maser and other atomic clocks
173,Chemistry 1989,Sidney Altman and Thomas R. Cech,for their discovery of catalytic properties of RNA
174,Physiology or Medicine 1989,J. Michael Bishop and Harold E. Varmus,for their discovery of the cellular origin of retroviral oncogenes
175,Literature 1989,Camilo José Cela,"for a rich and intensive prose, which with restrained compassion forms a challenging vision of man’s vulnerability"
176,The Nobel Peace Prize 1989,The 14th Dalai Lama (Tenzin Gyatso),for advocating peaceful solutions based upon tolerance and mutual respect in order to preserve the historical and cultural heritage of his people
177,The Sveriges Riksbank Prize in Economic Sciences in Memory of Alfred Nobel 1989,Trygve Haavelmo,for his clarification of the probability theory foundations of econometrics and his analyses of simultaneous economic structures
178,Physics 1988,"Leon M. Lederman, Melvin Schwartz and Jack Steinberger",for the neutrino beam method and the demonstration of the doublet structure of the leptons through the discovery of the muon neutrino
179,Chemistry 1988,"Johann Deisenhofer, Robert Huber and Hartmut Michel",for the determination of the three-dimensional structure of a photosynthetic reaction centre
180,Physiology or Medicine 1988,"Sir James W. Black, Gertrude B. Elion and George H. Hitchings",for their discoveries of important principles for drug treatment
181,Literature 1988,Naguib Mahfouz,"who, through works rich in nuance – now clear-sightedly realistic, now evocatively ambiguous – has formed an Arabian narrative art that applies to all mankind"
182,The Nobel Peace Prize 1988,United Nations Peacekeeping Forces,for preventing armed clashes and creating conditions for negotiations
183,The Sveriges Riksbank Prize in Economic Sciences in Memory of Alfred Nobel 1988,Maurice Allais,for his pioneering contributions to the theory of markets and efficient utilization of resources
184,Physics 1987,J. Georg Bednorz and K. Alexander Müller,for their important break-through in the discovery of superconductivity in ceramic materials
185,Chemistry 1987,"Donald J. Cram, Jean-Marie Lehn and Charles J. Pedersen",for their development and use of molecules with structure-specific interactions of high selectivity
186,Physiology or Medicine 1987,Susumu Tonegawa,for his discovery of the genetic principle for generation of antibody diversity
187,Literature 1987,Joseph Brodsky,"for an all-embracing authorship, imbued with clarity of thought and poetic intensity"
188,The Nobel Peace Prize 1987,Oscar Arias Sánchez,for his work for lasting peace in Central America
189,The Sveriges Riksbank Prize in Economic Sciences in Memory of Alfred Nobel 1987,Robert M. Solow,for his contributions to the theory of economic growth
190,Physics 1986,Ernst Ruska,"for his fundamental work in electron optics, and for the design of the first electron microscope"
191,Chemistry 1986,"Dudley R. Herschbach, Yuan T. Lee and John C. Polanyi",for their contributions concerning the dynamics of chemical elementary processes
192,Physiology or Medicine 1986,Stanley Cohen and Rita Levi-Montalcini,for their discoveries of growth factors
193,Literature 1986,Wole Soyinka,who in a wide cultural perspective and with poetic overtones fashions the drama of existence
194,The Nobel Peace Prize 1986,Elie Wiesel,"for being a messenger to mankind: his message is one of peace, atonement and dignity"
195,The Sveriges Riksbank Prize in Economic Sciences in Memory of Alfred Nobel 1986,James M. Buchanan Jr.,for his development of the contractual and constitutional bases for the theory of economic and political decision-making
196,Physics 1985,Klaus von Klitzing,for the discovery of the quantized Hall effect
197,Chemistry 1985,Herbert A. Hauptman and Jerome Karle,for their outstanding achievements in the development of direct methods for the determination of crystal structures
198,Physiology or Medicine 1985,Michael S. Brown and Joseph L. Goldstein,for their discoveries concerning the regulation of cholesterol metabolism
199,Literature 1985,Claude Simon,who in his novel combines the poet’s and the painter’s creativeness with a deepened awareness of time in the depiction of the human condition
200,The Nobel Peace Prize 1985,International Physicians for the Prevention of Nuclear War,for spreading authoritative information and by creating awareness of the catastrophic consequences of nuclear war
201,The Sveriges Riksbank Prize in Economic Sciences in Memory of Alfred Nobel 1985,Franco Modigliani,for his pioneering analyses of saving and of financial markets
202,Physics 1984,Carlo Rubbia and Simon van der Meer,"for their decisive contributions to the large project, which led to the discovery of the field particles W and Z, communicators of weak interaction"
203,Chemistry 1984,Robert Bruce Merrifield,for his development of methodology for chemical synthesis on a solid matrix
204,Physiology or Medicine 1984,"Niels K. Jerne, Georges J.F. Köhler and César Milstein",for theories concerning the specificity in development and control of the immune system and the discovery of the principle for production of monoclonal antibodies
205,Literature 1984,Jaroslav Seifert,"for his poetry which endowed with freshness, sensuality and rich inventiveness provides a liberating image of the indomitable spirit and versatility of man"
206,The Nobel Peace Prize 1984,Desmond Mpilo Tutu,for his role as a unifying leader figure in the non-violent campaign to resolve the problem of apartheid in South Africa
207,The Sveriges Riksbank Prize in Economic Sciences in Memory of Alfred Nobel 1984,Richard Stone,for having made fundamental contributions to the development of systems of national accounts and hence greatly improved the basis for empirical economic analysis
208,Physics 1983,Subramanyan Chandrasekhar,for his theoretical studies of the physical processes of importance to the structure and evolution of the stars
209,Chemistry 1983,Henry Taube,"for his work on the mechanisms of electron transfer reactions, especially in metal complexes"
210,Physiology or Medicine 1983,Barbara McClintock,for her discovery of mobile genetic elements
211,Literature 1983,William Golding,"for his novels which, with the perspicuity of realistic narrative art and the diversity and universality of myth, illuminate the human condition in the world of today"
212,The Nobel Peace Prize 1983,Lech Walesa,for non-violent struggle for free trade unions and human rights in Poland
213,The Sveriges Riksbank Prize in Economic Sciences in Memory of Alfred Nobel 1983,Gerard Debreu,for having incorporated new analytical methods into economic theory and for his rigorous reformulation of the theory of general equilibrium
214,Physics 1982,Kenneth G. Wilson,for his theory for critical phenomena in connection with phase transitions
215,Chemistry 1982,Aaron Klug,for his development of crystallographic electron microscopy and his structural elucidation of biologically important nucleic acid-protein complexes
216,Physiology or Medicine 1982,"Sune K. Bergström, Bengt I. Samuelsson and John R. Vane",for their discoveries concerning prostaglandins and related biologically active substances
217,Literature 1982,Gabriel García Márquez,"for his novels and short stories, in which the fantastic and the realistic are combined in a richly composed world of imagination, reflecting a continent’s life and conflicts"
218,The Nobel Peace Prize 1982,Alva Myrdal and Alfonso García Robles,for their work for disarmament and nuclear and weapon-free zones
219,The Sveriges Riksbank Prize in Economic Sciences in Memory of Alfred Nobel 1982,George J. Stigler,"for his seminal studies of industrial structures, functioning of markets and causes and effects of public regulation"
220,Physics 1981,Nicolaas Bloembergen and Arthur Leonard Schawlow,for their contribution to the development of laser spectroscopy
221,Chemistry 1981,Kenichi Fukui and Roald Hoffmann,"for their theories, developed independently, concerning the course of chemical reactions"
222,Physiology or Medicine 1981,Roger W. Sperry,for his discoveries concerning the functional specialization of the cerebral hemispheres
223,Literature 1981,Elias Canetti,"for writings marked by a broad outlook, a wealth of ideas and artistic power"
224,The Nobel Peace Prize 1981,Office of the United Nations High Commissioner for Refugees (UNHCR),for promoting the fundamental rights of refugees
225,The Sveriges Riksbank Prize in Economic Sciences in Memory of Alfred Nobel 1981,James Tobin,"for his analysis of financial markets and their relations to expenditure decisions, employment, production and prices"
226,Physics 1980,James Watson Cronin and Val Logsdon Fitch,for the discovery of violations of fundamental symmetry principles in the decay of neutral K-mesons
227,Chemistry 1980,Paul Berg,"for his fundamental studies of the biochemistry of nucleic acids, with particular regard to recombinant-DNA"
228,Physiology or Medicine 1980,"Baruj Benacerraf, Jean Dausset and George D. Snell",for their discoveries concerning genetically determined structures on the cell surface that regulate immunological reactions
229,Literature 1980,Czeslaw Milosz,who with uncompromising clear-sightedness voices man’s exposed condition in a world of severe conflicts
230,The Nobel Peace Prize 1980,Adolfo Pérez Esquivel,"for being a source of inspiration to repressed people, especially in Latin America"
231,The Sveriges Riksbank Prize in Economic Sciences in Memory of Alfred Nobel 1980,Lawrence R. Klein,for the creation of econometric models and the application to the analysis of economic fluctuations and economic policies
232,Physics 1979,"Sheldon Lee Glashow, Abdus Salam and Steven Weinberg","for their contributions to the theory of the unified weak and electromagnetic interaction between elementary particles, including, inter alia, the prediction of the weak neutral current"
233,Chemistry 1979,Herbert C. Brown and Georg Wittig,"for their development of the use of boron- and phosphorus-containing compounds, respectively, into important reagents in organic synthesis"
234,Physiology or Medicine 1979,Allan M. Cormack and Godfrey N. Hounsfield,for the development of computer assisted tomography
235,Literature 1979,Odysseus Elytis,"for his poetry, which, against the background of Greek tradition, depicts with sensuous strength and intellectual clear-sightedness modern man’s struggle for freedom and creativeness"
236,The Nobel Peace Prize 1979,Mother Teresa,for her work for bringing help to suffering humanity
237,The Sveriges Riksbank Prize in Economic Sciences in Memory of Alfred Nobel 1979,Theodore W. Schultz and Sir Arthur Lewis,for their pioneering research into economic development research with particular consideration of the problems of developing countries
238,Physics 1978,Pyotr Leonidovich Kapitsa,for his basic inventions and discoveries in the area of low-temperature physics
239,Chemistry 1978,Peter D. Mitchell,for his contribution to the understanding of biological energy transfer through the formulation of the chemiosmotic theory
240,Physiology or Medicine 1978,"Werner Arber, Daniel Nathans and Hamilton O. Smith",for the discovery of restriction enzymes and their application to problems of molecular genetics
241,Literature 1978,Isaac Bashevis Singer,"for his impassioned narrative art which, with roots in a Polish-Jewish cultural tradition, brings universal human conditions to life"
242,The Nobel Peace Prize 1978,Mohamed Anwar al-Sadat and Menachem Begin,for jointly having negotiated peace between Egypt and Israel in 1978
243,The Sveriges Riksbank Prize in Economic Sciences in Memory of Alfred Nobel 1978,Herbert A. Simon,for his pioneering research into the decision-making process within economic organizations
244,Physics 1977,"Philip Warren Anderson, Sir Nevill Francis Mott and John Hasbrouck Van Vleck",for their fundamental theoretical investigations of the electronic structure of magnetic and disordered systems
245,Chemistry 1977,Ilya Prigogine,"for his contributions to non-equilibrium thermodynamics, particularly the theory of dissipative structures"
246,Physiology or Medicine 1977,Roger Guillemin and Andrew V. Schally,for their discoveries concerning the peptide hormone production of the brain
247,Literature 1977,Vicente Aleixandre,"for a creative poetic writing which illuminates man’s condition in the cosmos and in present-day society, at the same time representing the great renewal of the traditions of Spanish poetry between the wars"
248,The Nobel Peace Prize 1977,Amnesty International,for worldwide respect for human rights
249,The Sveriges Riksbank Prize in Economic Sciences in Memory of Alfred Nobel 1977,Bertil Ohlin and James E. Meade,for their pathbreaking contribution to the theory of international trade and international capital movements
250,Physics 1976,Burton Richter and Samuel Chao Chung Ting,for their pioneering work in the discovery of a heavy elementary particle of a new kind
251,Chemistry 1976,William N. Lipscomb,for his studies on the structure of boranes illuminating problems of chemical bonding
252,Physiology or Medicine 1976,Baruch S. Blumberg and D. Carleton Gajdusek,for their discoveries concerning new mechanisms for the origin and dissemination of infectious diseases
253,Literature 1976,Saul Bellow,for the human understanding and subtle analysis of contemporary culture that are combined in his work
254,The Nobel Peace Prize 1976,Betty Williams and Mairead Corrigan,for the courageous efforts in founding a movement to put an end to the violent conflict in Northern Ireland
255,The Sveriges Riksbank Prize in Economic Sciences in Memory of Alfred Nobel 1976,Milton Friedman,"for his achievements in the fields of consumption analysis, monetary history and theory and for his demonstration of the complexity of stabilization policy"
256,Physics 1975,"Aage Niels Bohr, Ben Roy Mottelson and Leo James Rainwater",for the discovery of the connection between collective motion and particle motion in atomic nuclei and the development of the theory of the structure of the atomic nucleus based on this connection
257,Chemistry 1975,John Warcup Cornforth,for his work on the stereochemistry of enzyme-catalyzed reactions
258,Literature 1975,Eugenio Montale,"for his distinctive poetry which, with great artistic sensitivity, has interpreted human values under the sign of an outlook on life with no illusions"
259,The Nobel Peace Prize 1975,Andrei Dmitrievich Sakharov,"for his struggle for human rights in the Soviet Union, for disarmament and cooperation between all nations"
260,The Sveriges Riksbank Prize in Economic Sciences in Memory of Alfred Nobel 1975,Leonid Vitaliyevich Kantorovich and Tjalling C. Koopmans,for their contributions to the theory of optimum allocation of resources
261,Physics 1974,Sir Martin Ryle and Antony Hewish,"for their pioneering research in radio astrophysics: Ryle for his observations and inventions, in particular of the aperture synthesis technique, and Hewish for his decisive role in the discovery of pulsars"
262,Chemistry 1974,Paul J. Flory,"for his fundamental achievements, both theoretical and experimental, in the physical chemistry of the macromolecules"
263,Physiology or Medicine 1974,"Albert Claude, Christian de Duve and George E. Palade",for their discoveries concerning the structural and functional organization of the cell
264,Literature 1974,Eyvind Johnson,"for a narrative art, far-seeing in lands and ages, in the service of freedom"
265,The Sveriges Riksbank Prize in Economic Sciences in Memory of Alfred Nobel 1974,Gunnar Myrdal and Friedrich August von Hayek,"for their pioneering work in the theory of money and economic fluctuations and for their penetrating analysis of the interdependence of economic, social and institutional phenomena"
266,Physics 1973,Leo Esaki and Ivar Giaever,"for their experimental discoveries regarding tunneling phenomena in semiconductors and superconductors, respectively"
267,Chemistry 1973,Ernst Otto Fischer and Geoffrey Wilkinson,"for their pioneering work, performed independently, on the chemistry of the organometallic, so called sandwich compounds"
268,Physiology or Medicine 1973,"Karl von Frisch, Konrad Lorenz and Nikolaas Tinbergen",for their discoveries concerning organization and elicitation of individual and social behaviour patterns
269,Literature 1973,Patrick White,for an epic and psychological narrative art which has introduced a new continent into literature
270,The Nobel Peace Prize 1973,Henry A. Kissinger and Le Duc Tho,for jointly having negotiated a cease fire in Vietnam in 1973
271,The Sveriges Riksbank Prize in Economic Sciences in Memory of Alfred Nobel 1973,Wassily Leontief,for the development of the input-output method and for its application to important economic problems
272,Physics 1972,"John Bardeen, Leon Neil Cooper and John Robert Schrieffer","for their jointly developed theory of superconductivity, usually called the BCS-theory"
273,Chemistry 1972,Christian B. Anfinsen,"for his work on ribonuclease, especially concerning the connection between the amino acid sequence and the biologically active conformation"
274,Physiology or Medicine 1972,Gerald M. Edelman and Rodney R. Porter,for their discoveries concerning the chemical structure of antibodies
275,Literature 1972,Heinrich Böll,for his writing which through its combination of a broad perspective on his time and a sensitive skill in characterization has contributed to a renewal of German literature
276,The Sveriges Riksbank Prize in Economic Sciences in Memory of Alfred Nobel 1972,John R. Hicks and Kenneth J. Arrow,for their pioneering contributions to general economic equilibrium theory and welfare theory
277,Physics 1971,Dennis Gabor,for his invention and development of the holographic method
278,Chemistry 1971,Gerhard Herzberg,"for his contributions to the knowledge of electronic structure and geometry of molecules, particularly free radicals"
279,Physiology or Medicine 1971,"Earl W. Sutherland, Jr.",for his discoveries concerning the mechanisms of the action of hormones
280,Literature 1971,Pablo Neruda,for a poetry that with the action of an elemental force brings alive a continent’s destiny and dreams
281,The Nobel Peace Prize 1971,Willy Brandt,for paving the way for a meaningful dialogue between East and West
282,The Sveriges Riksbank Prize in Economic Sciences in Memory of Alfred Nobel 1971,Simon Kuznets,for his empirically founded interpretation of economic growth which has led to new and deepened insight into the economic and social structure and process of development
283,Physics 1970,Hannes Olof Gösta Alfvén,for fundamental work and discoveries in magnetohydro-dynamics with fruitful applications in different parts of plasma physics
284,Chemistry 1970,Luis F. Leloir,for his discovery of sugar nucleotides and their role in the biosynthesis of carbohydrates
285,Physiology or Medicine 1970,"Sir Bernard Katz, Ulf von Euler and Julius Axelrod","for their discoveries concerning the humoral transmittors in the nerve terminals and the mechanism for their storage, release and inactivation"
286,Literature 1970,Aleksandr Isayevich Solzhenitsyn,for the ethical force with which he has pursued the indispensable traditions of Russian literature
287,The Nobel Peace Prize 1970,Norman E. Borlaug,for having given a well-founded hope – the green revolution
288,The Sveriges Riksbank Prize in Economic Sciences in Memory of Alfred Nobel 1970,Paul A. Samuelson,for the scientific work through which he has developed static and dynamic economic theory and actively contributed to raising the level of analysis in economic science
289,Physics 1969,Murray Gell-Mann,for his contributions and discoveries concerning the classification of elementary particles and their interactions
290,Chemistry 1969,Derek H. R. Barton and Odd Hassel,for their contributions to the development of the concept of conformation and its application in chemistry
291,Physiology or Medicine 1969,"Max Delbrück, Alfred D. Hershey and Salvador E. Luria",for their discoveries concerning the replication mechanism and the genetic structure of viruses
292,Literature 1969,Samuel Beckett,"for his writing, which – in new forms for the novel and drama – in the destitution of modern man acquires its elevation"
293,The Nobel Peace Prize 1969,International Labour Organization (ILO),for creating international legislation insuring certain norms for working conditions in every country
294,The Sveriges Riksbank Prize in Economic Sciences in Memory of Alfred Nobel 1969,Ragnar Frisch and Jan Tinbergen,for having developed and applied dynamic models for the analysis of economic processes
295,Physics 1968,Luis Walter Alvarez,"for his decisive contributions to elementary particle physics, in particular the discovery of a large number of resonance states, made possible through his development of the technique of using hydrogen bubble chamber and data analysis"
296,Chemistry 1968,Lars Onsager,"for the discovery of the reciprocal relations bearing his name, which are fundamental for the thermodynamics of irreversible processes"
297,Physiology or Medicine 1968,"Robert W. Holley, Har Gobind Khorana and Marshall W. Nirenberg",for their interpretation of the genetic code and its function in protein synthesis
298,Literature 1968,Yasunari Kawabata,"for his narrative mastery, which with great sensibility expresses the essence of the Japanese mind"
299,The Nobel Peace Prize 1968,René Cassin,for his struggle to ensure the rights of man as stipulated in the UN Declaration
300,Physics 1967,Hans Albrecht Bethe,"for his contributions to the theory of nuclear reactions, especially his discoveries concerning the energy production in stars"
301,Chemistry 1967,"Manfred Eigen, Ronald George Wreyford Norrish and George Porter","for their studies of extremely fast chemical reactions, effected by disturbing the equilibrium by means of very short pulses of energy"
302,Physiology or Medicine 1967,"Ragnar Granit, Haldan Keffer Hartline and George Wald",for their discoveries concerning the primary physiological and chemical visual processes in the eye
303,Literature 1967,Miguel Angel Asturias,"for his vivid literary achievement, deep-rooted in the national traits and traditions of Indian peoples of Latin America"
304,Physics 1966,Alfred Kastler,for the discovery and development of optical methods for studying Hertzian resonances in atoms
305,Chemistry 1966,Robert S. Mulliken,for his fundamental work concerning chemical bonds and the electronic structure of molecules by the molecular orbital method
306,Physiology or Medicine 1966,Peyton Rous,for his discovery of tumour-inducing viruses
307,Literature 1966,Shmuel Yosef Agnon,for his profoundly characteristic narrative art with motifs from the life of the Jewish people
308,Physics 1965,"Sin-Itiro Tomonaga, Julian Schwinger and Richard P. Feynman","for their fundamental work in quantum electrodynamics, with deep-ploughing consequences for the physics of elementary particles"
309,Chemistry 1965,Robert Burns Woodward,for his outstanding achievements in the art of organic synthesis
310,Physiology or Medicine 1965,"François Jacob, André Lwoff and Jacques Monod",for their discoveries concerning genetic control of enzyme and virus synthesis
311,Literature 1965,Mikhail Aleksandrovich Sholokhov,"for the artistic power and integrity with which, in his epic of the Don, he has given expression to a historic phase in the life of the Russian people"
312,The Nobel Peace Prize 1965,United Nations Children’s Fund (UNICEF),for its effort to enhance solidarity between nations and reduce the difference between rich and poor states
313,Physics 1964,"Charles Hard Townes, Nicolay Gennadiyevich Basov and Aleksandr Mikhailovich Prokhorov","for fundamental work in the field of quantum electronics, which has led to the construction of oscillators and amplifiers based on the maser-laser principle"
314,Chemistry 1964,Dorothy Crowfoot Hodgkin,for her determinations by X-ray techniques of the structures of important biochemical substances
315,Physiology or Medicine 1964,Konrad Bloch and Feodor Lynen,for their discoveries concerning the mechanism and regulation of the cholesterol and fatty acid metabolism
316,Literature 1964,Jean-Paul Sartre,"for his work which, rich in ideas and filled with the spirit of freedom and the quest for truth, has exerted a far-reaching influence on our age"
317,The Nobel Peace Prize 1964,Martin Luther King Jr.,for his non-violent struggle for civil rights for the Afro-American population
318,Physics 1963,Eugene Paul Wigner,"for his contributions to the theory of the atomic nucleus and the elementary particles, particularly through the discovery and application of fundamental symmetry principles"
319,Chemistry 1963,Karl Ziegler and Giulio Natta,for their discoveries in the field of the chemistry and technology of high polymers
320,Physiology or Medicine 1963,"Sir John Carew Eccles, Alan Lloyd Hodgkin and Andrew Fielding Huxley",for their discoveries concerning the ionic mechanisms involved in excitation and inhibition in the peripheral and central portions of the nerve cell membrane
321,Literature 1963,Giorgos Seferis,"for his eminent lyrical writing, inspired by a deep feeling for the Hellenic world of culture"
322,The Nobel Peace Prize 1963,Comité international de la Croix Rouge (International Committee of the Red Cross) and Ligue des Sociétés de la Croix-Rouge (League of Red Cross Societies),for promoting the principles of the Geneva Convention and cooperation with the UN
323,Physics 1962,Lev Davidovich Landau,"for his pioneering theories for condensed matter, especially liquid helium"
324,Chemistry 1962,Max Ferdinand Perutz and John Cowdery Kendrew,for their studies of the structures of globular proteins
325,Physiology or Medicine 1962,"Francis Harry Compton Crick, James Dewey Watson and Maurice Hugh Frederick Wilkins",for their discoveries concerning the molecular structure of nucleic acids and its significance for information transfer in living material
326,Literature 1962,John Steinbeck,"for his realistic and imaginative writings, combining as they do sympathetic humour and keen social perception"
327,The Nobel Peace Prize 1962,Linus Carl Pauling,for his fight against the nuclear arms race between East and West
328,Physics 1961,Robert Hofstadter,for his pioneering studies of electron scattering in atomic nuclei and for his thereby achieved discoveries concerning the structure of the nucleons
329,Chemistry 1961,Melvin Calvin,for his research on the carbon dioxide assimilation in plants
330,Physiology or Medicine 1961,Georg von Békésy,for his discoveries of the physical mechanism of stimulation within the cochlea
331,Literature 1961,Ivo Andric,for the epic force with which he has traced themes and depicted human destinies drawn from the history of his country
332,The Nobel Peace Prize 1961,Dag Hammarskjöld,"for developing the UN into an effective and constructive international organization, capable of giving life to the principles and aims expressed in the UN Charter"
333,Physics 1960,Donald Arthur Glaser,for the invention of the bubble chamber
334,Chemistry 1960,Willard Frank Libby,"for his method to use carbon-14 for age determination in archaeology, geology, geophysics, and other branches of science"
335,Physiology or Medicine 1960,Sir Frank Macfarlane Burnet and Peter Brian Medawar,for discovery of acquired immunological tolerance
336,Literature 1960,Saint-John Perse,for the soaring flight and the evocative imagery of his poetry which in a visionary fashion reflects the conditions of our time
337,The Nobel Peace Prize 1960,Albert John Lutuli,for his non-violent struggle against apartheid
338,Physics 1959,Emilio Gino Segrè and Owen Chamberlain,for their discovery of the antiproton
339,Chemistry 1959,Jaroslav Heyrovsky,for his discovery and development of the polarographic methods of analysis
340,Physiology or Medicine 1959,Severo Ochoa and Arthur Kornberg,for their discovery of the mechanisms in the biological synthesis of ribonucleic acid and deoxyribonucleic acid
341,Literature 1959,Salvatore Quasimodo,"for his lyrical poetry, which with classical fire expresses the tragic experience of life in our own times"
342,The Nobel Peace Prize 1959,Philip J. Noel-Baker,for his longstanding contribution to the cause of disarmament and peace
343,Physics 1958,"Pavel Alekseyevich Cherenkov, Il´ja Mikhailovich Frank and Igor Yevgenyevich Tamm",for the discovery and the interpretation of the Cherenkov effect
344,Chemistry 1958,Frederick Sanger,"for his work on the structure of proteins, especially that of insulin"
345,Physiology or Medicine 1958,George Wells Beadle and Edward Lawrie Tatum,for their discovery that genes act by regulating definite chemical events
346,Literature 1958,Boris Leonidovich Pasternak,for his important achievement both in contemporary lyrical poetry and in the field of the great Russian epic tradition
347,The Nobel Peace Prize 1958,Georges Pire,for his efforts to help refugees to leave their camps and return to a life of freedom and dignity
348,Physics 1957,Chen Ning Yang and Tsung-Dao (T.D.) Lee,for their penetrating investigation of the so-called parity laws which has led to important discoveries regarding the elementary particles
349,Chemistry 1957,Lord (Alexander R.) Todd,for his work on nucleotides and nucleotide co-enzymes
350,Physiology or Medicine 1957,Daniel Bovet,"for his discoveries relating to synthetic compounds that inhibit the action of certain body substances, and especially their action on the vascular system and the skeletal muscles"
351,Literature 1957,Albert Camus,"for his important literary production, which with clear-sighted earnestness illuminates the problems of the human conscience in our times"
352,The Nobel Peace Prize 1957,Lester Bowles Pearson,for his crucial contribution to the deployment of a United Nations Emergency Force in the wake of the Suez Crisis
353,Physics 1956,"William Bradford Shockley, John Bardeen and Walter Houser Brattain",for their researches on semiconductors and their discovery of the transistor effect
354,Chemistry 1956,Sir Cyril Norman Hinshelwood and Nikolay Nikolaevich Semenov,for their researches into the mechanism of chemical reactions
355,Physiology or Medicine 1956,"André Frédéric Cournand, Werner Forssmann and Dickinson W. Richards",for their discoveries concerning heart catheterization and pathological changes in the circulatory system
356,Literature 1956,Juan Ramón Jiménez,"for his lyrical poetry, which in Spanish language constitutes an example of high spirit and artistical purity"
357,Physics 1955,Willis Eugene Lamb,for his discoveries concerning the fine structure of the hydrogen spectrum
358,Chemistry 1955,Vincent du Vigneaud,"for his work on biochemically important sulphur compounds, especially for the first synthesis of a polypeptide hormone"
359,Physiology or Medicine 1955,Axel Hugo Theodor Theorell,for his discoveries concerning the nature and mode of action of oxidation enzymes
360,Literature 1955,Halldór Kiljan Laxness,for his vivid epic power which has renewed the great narrative art of Iceland
361,Physics 1954,Max Born,"for his fundamental research in quantum mechanics, especially for his statistical interpretation of the wavefunction"
362,Chemistry 1954,Linus Carl Pauling,for his research into the nature of the chemical bond and its application to the elucidation of the structure of complex substances
363,Physiology or Medicine 1954,"John Franklin Enders, Thomas Huckle Weller and Frederick Chapman Robbins",for their discovery of the ability of poliomyelitis viruses to grow in cultures of various types of tissue
364,Literature 1954,Ernest Miller Hemingway,"for his mastery of the art of narrative, most recently demonstrated in The Old Man and the Sea, and for the influence that he has exerted on contemporary style"
365,The Nobel Peace Prize 1954,Office of the United Nations High Commissioner for Refugees (UNHCR),for its efforts to heal the wounds of war by providing help and protection to refugees all over the world
366,Physics 1953,Frits Zernike,"for his demonstration of the phase contrast method, especially for his invention of the phase contrast microscope"
367,Chemistry 1953,Hermann Staudinger,for his discoveries in the field of macromolecular chemistry
368,Physiology or Medicine 1953,Hans Adolf Krebs,for his discovery of the citric acid cycle
369,Literature 1953,Sir Winston Leonard Spencer Churchill,for his mastery of historical and biographical description as well as for brilliant oratory in defending exalted human values
370,The Nobel Peace Prize 1953,George Catlett Marshall,for proposing and supervising the plan for the economic recovery of Europe
371,Physics 1952,Felix Bloch and Edward Mills Purcell,for their development of new methods for nuclear magnetic precision measurements and discoveries in connection therewith
372,Chemistry 1952,Archer John Porter Martin and Richard Laurence Millington Synge,for their invention of partition chromatography
373,Physiology or Medicine 1952,Selman Abraham Waksman,"for his discovery of streptomycin, the first antibiotic effective against tuberculosis"
374,Literature 1952,François Mauriac,for the deep spiritual insight and the artistic intensity with which he has in his novels penetrated the drama of human life
375,The Nobel Peace Prize 1952,Albert Schweitzer,"for his altruism, reverence for life, and tireless humanitarian work which has helped making the idea of brotherhood between men and nations a living one"
376,Physics 1951,Sir John Douglas Cockcroft and Ernest Thomas Sinton Walton,for their pioneer work on the transmutation of atomic nuclei by artificially accelerated atomic particles
377,Chemistry 1951,Edwin Mattison McMillan and Glenn Theodore Seaborg,for their discoveries in the chemistry of the transuranium elements
378,Physiology or Medicine 1951,Max Theiler,for his discoveries concerning yellow fever and how to combat it
379,Literature 1951,Pär Fabian Lagerkvist,for the artistic vigour and true independence of mind with which he endeavours in his poetry to find answers to the eternal questions confronting mankind
380,The Nobel Peace Prize 1951,Léon Jouhaux,for having devoted his life to the fight against war through the promotion of social justice and brotherhood among men and nations
381,Physics 1950,Cecil Frank Powell,for his development of the photographic method of studying nuclear processes and his discoveries regarding mesons made with this method
382,Chemistry 1950,Otto Paul Hermann Diels and Kurt Alder,for their discovery and development of the diene synthesis
383,Physiology or Medicine 1950,"Edward Calvin Kendall, Tadeus Reichstein and Philip Showalter Hench","for their discoveries relating to the hormones of the adrenal cortex, their structure and biological effects"
384,Literature 1950,Earl (Bertrand Arthur William) Russell,in recognition of his varied and significant writings in which he champions humanitarian ideals and freedom of thought
385,The Nobel Peace Prize 1950,Ralph Bunche,for his work as mediator in Palestine in 1948-1949
386,Physics 1949,Hideki Yukawa,for his prediction of the existence of mesons on the basis of theoretical work on nuclear forces
387,Chemistry 1949,William Francis Giauque,"for his contributions in the field of chemical thermodynamics, particularly concerning the behaviour of substances at extremely low temperatures"
388,Physiology or Medicine 1949,Walter Rudolf Hess,for his discovery of the functional organization of the interbrain as a coordinator of the activities of the internal organs
389,Literature 1949,William Faulkner,for his powerful and artistically unique contribution to the modern American novel
390,The Nobel Peace Prize 1949,Lord (John) Boyd Orr of Brechin,"for his lifelong effort to conquer hunger and want, thereby helping to remove a major cause of military conflict and war"
391,Physics 1948,Patrick Maynard Stuart Blackett,"for his development of the Wilson cloud chamber method, and his discoveries therewith in the fields of nuclear physics and cosmic radiation"
392,Chemistry 1948,Arne Wilhelm Kaurin Tiselius,"for his research on electrophoresis and adsorption analysis, especially for his discoveries concerning the complex nature of the serum proteins"
393,Physiology or Medicine 1948,Paul Hermann Müller,for his discovery of the high efficiency of DDT as a contact poison against several arthropods
394,Literature 1948,Thomas Stearns Eliot,"for his outstanding, pioneer contribution to present-day poetry"
395,Physics 1947,Sir Edward Victor Appleton,for his investigations of the physics of the upper atmosphere especially for the discovery of the so-called Appleton layer
396,Chemistry 1947,Sir Robert Robinson,"for his investigations on plant products of biological importance, especially the alkaloids"
397,Physiology or Medicine 1947,"Carl Ferdinand Cori and Gerty Theresa Cori, née Radnitz",for their discovery of the course of the catalytic conversion of glycogen
398,Literature 1947,André Paul Guillaume Gide,"for his comprehensive and artistically significant writings, in which human problems and conditions have been presented with a fearless love of truth and keen psychological insight"
399,The Nobel Peace Prize 1947,Friends Service Council (The Quakers) and American Friends Service Committee (The Quakers),"for their pioneering work in the international peace movement and compassionate effort to relieve human suffering, thereby promoting the fraternity between nation"
400,Physics 1946,Percy Williams Bridgman,"for the invention of an apparatus to produce extremely high pressures, and for the discoveries he made therewith in the field of high pressure physics"
401,Chemistry 1946,James Batcheller Sumner,for his discovery that enzymes can be crystallized
402,Physiology or Medicine 1946,Hermann Joseph Muller,for the discovery of the production of mutations by means of X-ray irradiation
403,Literature 1946,Hermann Hesse,"for his inspired writings which, while growing in boldness and penetration, exemplify the classical humanitarian ideals and high qualities of style"
404,The Nobel Peace Prize 1946,Emily Greene Balch,for her lifelong work for the cause of peace
405,Physics 1945,Wolfgang Pauli,"for the discovery of the Exclusion Principle, also called the Pauli Principle"
406,Chemistry 1945,Artturi Ilmari Virtanen,"for his research and inventions in agricultural and nutrition chemistry, especially for his fodder preservation method"
407,Physiology or Medicine 1945,"Sir Alexander Fleming, Ernst Boris Chain and Sir Howard Walter Florey",for the discovery of penicillin and its curative effect in various infectious diseases
408,Literature 1945,Gabriela Mistral,"for her lyric poetry which, inspired by powerful emotions, has made her name a symbol of the idealistic aspirations of the entire Latin American world"
409,The Nobel Peace Prize 1945,Cordell Hull,for his indefatigable work for international understanding and his pivotal role in establishing the United Nations
410,Physics 1944,Isidor Isaac Rabi,for his resonance method for recording the magnetic properties of atomic nuclei
411,Chemistry 1944,Otto Hahn,for his discovery of the fission of heavy nuclei
412,Physiology or Medicine 1944,Joseph Erlanger and Herbert Spencer Gasser,for their discoveries relating to the highly differentiated functions of single nerve fibres
413,Literature 1944,Johannes Vilhelm Jensen,"for the rare strength and fertility of his poetic imagination with which is combined an intellectual curiosity of wide scope and a bold, freshly creative style"
414,The Nobel Peace Prize 1944,Comité international de la Croix Rouge (International Committee of the Red Cross),for the great work it has performed during the war on behalf of humanity
415,Physics 1943,Otto Stern,for his contribution to the development of the molecular ray method and his discovery of the magnetic moment of the proton
416,Chemistry 1943,George de Hevesy,for his work on the use of isotopes as tracers in the study of chemical processes
417,Physiology or Medicine 1943,Henrik Carl Peter Dam,for his discovery of vitamin K
418,Physics 1939,Ernest Orlando Lawrence,"for the invention and development of the cyclotron and for results obtained with it, especially with regard to artificial radioactive elements"
419,Chemistry 1939,Adolf Friedrich Johann Butenandt,for his work on sex hormones
420,Physiology or Medicine 1939,Gerhard Domagk,for the discovery of the antibacterial effects of prontosil
421,Literature 1939,Frans Eemil Sillanpää,for his deep understanding of his country’s peasantry and the exquisite art with which he has portrayed their way of life and their relationship with Nature
422,Physics 1938,Enrico Fermi,"for his demonstrations of the existence of new radioactive elements produced by neutron irradiation, and for his related discovery of nuclear reactions brought about by slow neutrons"
423,Chemistry 1938,Richard Kuhn,for his work on carotenoids and vitamins
424,Physiology or Medicine 1938,Corneille Jean François Heymans,for the discovery of the role played by the sinus and aortic mechanisms in the regulation of respiration
425,Literature 1938,Pearl Buck,for her rich and truly epic descriptions of peasant life in China and for her biographical masterpieces
426,The Nobel Peace Prize 1938,Office international Nansen pour les Réfugiés (Nansen International Office for Refugees),for having carried on the work of Fridtjof Nansen to the benefit of refugees across Europe
427,Physics 1937,Clinton Joseph Davisson and George Paget Thomson,for their experimental discovery of the diffraction of electrons by crystals
428,Chemistry 1937,Walter Norman Haworth,for his investigations on carbohydrates and vitamin C
429,Physiology or Medicine 1937,Albert von Szent-Györgyi Nagyrápolt,"for his discoveries in connection with the biological combustion processes, with special reference to vitamin C and the catalysis of fumaric acid"
430,Literature 1937,Roger Martin du Gard,for the artistic power and truth with which he has depicted human conflict as well as some fundamental aspects of contemporary life in his novel-cycle Les Thibault
431,The Nobel Peace Prize 1937,"Cecil of Chelwood, Viscount (Lord Edgar Algernon Robert Gascoyne Cecil)","for his tireless effort in support of the League of Nations, disarmament and peace"
432,Physics 1936,Victor Franz Hess,for his discovery of cosmic radiation
433,Chemistry 1936,Petrus (Peter) Josephus Wilhelmus Debye,for his contributions to our knowledge of molecular structure through his investigations on dipole moments and on the diffraction of X-rays and electrons in gases
434,Physiology or Medicine 1936,Sir Henry Hallett Dale and Otto Loewi,for their discoveries relating to chemical transmission of nerve impulses
435,Literature 1936,Eugene Gladstone O’Neill,"for the power, honesty and deep-felt emotions of his dramatic works, which embody an original concept of tragedy"
436,The Nobel Peace Prize 1936,Carlos Saavedra Lamas,"for his role as father of the Argentine Antiwar Pact of 1933, which he also used as a means to mediate peace between Paraguay and Bolivia in 1935"
437,Physics 1935,James Chadwick,for the discovery of the neutron
438,Chemistry 1935,Frédéric Joliot and Irène Joliot-Curie,in recognition of their synthesis of new radioactive elements
439,Physiology or Medicine 1935,Hans Spemann,for his discovery of the organizer effect in embryonic development
440,The Nobel Peace Prize 1935,Carl von Ossietzky,for his burning love for freedom of thought and expression and his valuable contribution to the cause of peace
441,Chemistry 1934,Harold Clayton Urey,for his discovery of heavy hydrogen
442,Physiology or Medicine 1934,"George Hoyt Whipple, George Richards Minot and William Parry Murphy",for their discoveries concerning liver therapy in cases of anaemia
443,Literature 1934,Luigi Pirandello,for his bold and ingenious revival of dramatic and scenic art
444,The Nobel Peace Prize 1934,Arthur Henderson,for his untiring struggle and his courageous efforts as Chairman of the League of Nations Disarmament Conference 1931-34
445,Physics 1933,Erwin Schrödinger and Paul Adrien Maurice Dirac,for the discovery of new productive forms of atomic theory
446,Physiology or Medicine 1933,Thomas Hunt Morgan,for his discoveries concerning the role played by the chromosome in heredity
447,Literature 1933,Ivan Alekseyevich Bunin,for the strict artistry with which he has carried on the classical Russian traditions in prose writing
448,The Nobel Peace Prize 1933,Sir Norman Angell (Ralph Lane),for having exposed by his pen the illusion of war and presented a convincing plea for international cooperation and peace
449,Physics 1932,Werner Karl Heisenberg,"for the creation of quantum mechanics, the application of which has, inter alia, led to the discovery of the allotropic forms of hydrogen"
450,Chemistry 1932,Irving Langmuir,for his discoveries and investigations in surface chemistry
451,Physiology or Medicine 1932,Sir Charles Scott Sherrington and Edgar Douglas Adrian,for their discoveries regarding the functions of neurons
452,Literature 1932,John Galsworthy,for his distinguished art of narration which takes its highest form in The Forsyte Saga
453,Chemistry 1931,Carl Bosch and Friedrich Bergius,in recognition of their contributions to the invention and development of chemical high pressure methods
454,Physiology or Medicine 1931,Otto Heinrich Warburg,for his discovery of the nature and mode of action of the respiratory enzyme
455,Literature 1931,Erik Axel Karlfeldt,The poetry of Erik Axel Karlfeldt
456,The Nobel Peace Prize 1931,Jane Addams and Nicholas Murray Butler,for their assiduous effort to revive the ideal of peace and to rekindle the spirit of peace in their own nation and in the whole of mankind
457,Physics 1930,Sir Chandrasekhara Venkata Raman,for his work on the scattering of light and for the discovery of the effect named after him
458,Chemistry 1930,Hans Fischer,for his researches into the constitution of haemin and chlorophyll and especially for his synthesis of haemin
459,Physiology or Medicine 1930,Karl Landsteiner,for his discovery of human blood groups
460,Literature 1930,Sinclair Lewis,"for his vigorous and graphic art of description and his ability to create, with wit and humour, new types of characters"
461,The Nobel Peace Prize 1930,Lars Olof Jonathan (Nathan) Söderblom,for promoting Christian unity and helping create ‘that new attitude of mind which is necessary if peace between nations is to become reality'
462,Physics 1929,Prince Louis-Victor Pierre Raymond de Broglie,for his discovery of the wave nature of electrons
463,Chemistry 1929,Arthur Harden and Hans Karl August Simon von Euler-Chelpin,for their investigations on the fermentation of sugar and fermentative enzymes
464,Physiology or Medicine 1929,Christiaan Eijkman,for his discovery of the antineuritic vitamin
465,Literature 1929,Thomas Mann,"principally for his great novel, Buddenbrooks, which has won steadily increased recognition as one of the classic works of contemporary literature"
466,The Nobel Peace Prize 1929,Frank Billings Kellogg,for his crucial role in bringing about the Briand-Kellogg Pact
467,Physics 1928,Owen Willans Richardson,for his work on the thermionic phenomenon and especially for the discovery of the law named after him
468,Chemistry 1928,Adolf Otto Reinhold Windaus,for the services rendered through his research into the constitution of the sterols and their connection with the vitamins
469,Physiology or Medicine 1928,Charles Jules Henri Nicolle,for his work on typhus
470,Literature 1928,Sigrid Undset,principally for her powerful descriptions of Northern life during the Middle Ages
471,Physics 1927,Arthur Holly Compton,for his discovery of the effect named after him
472,Chemistry 1927,Heinrich Otto Wieland,for his investigations of the constitution of the bile acids and related substances
473,Physiology or Medicine 1927,Julius Wagner-Jauregg,for his discovery of the therapeutic value of malaria inoculation in the treatment of dementia paralytica
474,Literature 1927,Henri Bergson,in recognition of his rich and vitalizing ideas and the brilliant skill with which they have been presented
475,The Nobel Peace Prize 1927,Ferdinand Buisson and Ludwig Quidde,for their contribution to the emergence in France and Germany of a public opinion which favours peaceful international cooperation
476,Physics 1926,Jean Baptiste Perrin,"for his work on the discontinuous structure of matter, and especially for his discovery of sedimentation equilibrium"
477,Chemistry 1926,The (Theodor) Svedberg,for his work on disperse systems
478,Physiology or Medicine 1926,Johannes Andreas Grib Fibiger,for his discovery of the Spiroptera carcinoma
479,Literature 1926,Grazia Deledda,for her idealistically inspired writings which with plastic clarity picture the life on her native island and with depth and sympathy deal with human problems in general
480,The Nobel Peace Prize 1926,Aristide Briand and Gustav Stresemann,for their crucial role in bringing about the Locarno Treaty
481,Physics 1925,James Franck and Gustav Ludwig Hertz,for their discovery of the laws governing the impact of an electron upon an atom
482,Chemistry 1925,Richard Adolf Zsigmondy,"for his demonstration of the heterogenous nature of colloid solutions and for the methods he used, which have since become fundamental in modern colloid chemistry"
483,Literature 1925,George Bernard Shaw,"for his work which is marked by both idealism and humanity, its stimulating satire often being infused with a singular poetic beauty"
484,The Nobel Peace Prize 1925,Sir Austen Chamberlain,for his crucial role in bringing about the Locarno Treaty
485,Physics 1924,Karl Manne Georg Siegbahn,for his discoveries and research in the field of X-ray spectroscopy
486,Physiology or Medicine 1924,Willem Einthoven,for his discovery of the mechanism of the electrocardiogram
487,Literature 1924,Wladyslaw Stanislaw Reymont,"for his great national epic, The Peasants"
488,Physics 1923,Robert Andrews Millikan,for his work on the elementary charge of electricity and on the photoelectric effect
489,Chemistry 1923,Fritz Pregl,for his invention of the method of micro-analysis of organic substances
490,Physiology or Medicine 1923,Frederick Grant Banting and John James Rickard Macleod,for the discovery of insulin
491,Literature 1923,William Butler Yeats,"for his always inspired poetry, which in a highly artistic form gives expression to the spirit of a whole nation"
492,Physics 1922,Niels Henrik David Bohr,for his services in the investigation of the structure of atoms and of the radiation emanating from them
493,Chemistry 1922,Francis William Aston,"for his discovery, by means of his mass spectrograph, of isotopes, in a large number of non-radioactive elements, and for his enunciation of the whole-number rule"
494,Physiology or Medicine 1922,Archibald Vivian Hill,for his discovery relating to the production of heat in the muscle
495,Literature 1922,Jacinto Benavente,for the happy manner in which he has continued the illustrious traditions of the Spanish drama
496,The Nobel Peace Prize 1922,Fridtjof Nansen,"for his leading role in the repatriation of prisoners of war, in international relief work and as the League of Nations’ High Commissioner for refugees"
497,Physics 1921,Albert Einstein,"for his services to Theoretical Physics, and especially for his discovery of the law of the photoelectric effect"
498,Chemistry 1921,Frederick Soddy,"for his contributions to our knowledge of the chemistry of radioactive substances, and his investigations into the origin and nature of isotopes"
499,Literature 1921,Anatole France,"in recognition of his brilliant literary achievements, characterized as they are by a nobility of style, a profound human sympathy, grace, and a true Gallic temperament"
500,The Nobel Peace Prize 1921,Karl Hjalmar Branting and Christian Lous Lange,for their lifelong contributions to the cause of peace and organized internationalism
501,Physics 1920,Charles Edouard Guillaume,in recognition of the service he has rendered to precision measurements in Physics by his discovery of anomalies in nickel steel alloys
502,Chemistry 1920,Walther Hermann Nernst,in recognition of his work in thermochemistry
503,Physiology or Medicine 1920,Schack August Steenberg Krogh,for his discovery of the capillary motor regulating mechanism
504,Literature 1920,Knut Pedersen Hamsun,"for his monumental work, Growth of the Soil"
505,The Nobel Peace Prize 1920,Léon Victor Auguste Bourgeois,for his longstanding contribution to the cause of peace and justice and his prominent role in the establishment of the League of Nations
506,Physics 1919,Johannes Stark,for his discovery of the Doppler effect in canal rays and the splitting of spectral lines in electric fields
507,Physiology or Medicine 1919,Jules Bordet,for his discoveries relating to immunity
508,Literature 1919,Carl Friedrich Georg Spitteler,"in special appreciation of his epic, Olympian Spring"
509,The Nobel Peace Prize 1919,Thomas Woodrow Wilson,for his role as founder of the League of Nations
510,Physics 1918,Max Karl Ernst Ludwig Planck,in recognition of the services he rendered to the advancement of Physics by his discovery of energy quanta
511,Chemistry 1918,Fritz Haber,for the synthesis of ammonia from its elements
512,Physics 1917,Charles Glover Barkla,for his discovery of the characteristic Röntgen radiation of the elements
513,Literature 1917,Karl Adolph Gjellerup,"for his varied and rich poetry, which is inspired by lofty ideals"
514,The Nobel Peace Prize 1917,Comité international de la Croix Rouge (International Committee of the Red Cross),for the efforts to take care of wounded soldiers and prisoners of war and their families
515,Literature 1916,Carl Gustaf Verner von Heidenstam,in recognition of his significance as the leading representative of a new era in our literature
516,Physics 1915,Sir William Henry Bragg and William Lawrence Bragg,for their services in the analysis of crystal structure by means of X-rays
517,Chemistry 1915,Richard Martin Willstätter,"for his researches on plant pigments, especially chlorophyll"
518,Literature 1915,Romain Rolland,as a tribute to the lofty idealism of his literary production and to the sympathy and love of truth with which he has described different types of human beings
519,Physics 1914,Max von Laue,for his discovery of the diffraction of X-rays by crystals
520,Chemistry 1914,Theodore William Richards,in recognition of his accurate determinations of the atomic weight of a large number of chemical elements
521,Physiology or Medicine 1914,Robert Bárány,for his work on the physiology and pathology of the vestibular apparatus
522,Physics 1913,Heike Kamerlingh Onnes,"for his investigations on the properties of matter at low temperatures which led, inter alia, to the production of liquid helium"
523,Chemistry 1913,Alfred Werner,in recognition of his work on the linkage of atoms in molecules by which he has thrown new light on earlier investigations and opened up new fields of research especially in inorganic chemistry
524,Physiology or Medicine 1913,Charles Robert Richet,in recognition of his work on anaphylaxis
525,Literature 1913,Rabindranath Tagore,"because of his profoundly sensitive, fresh and beautiful verse, by which, with consummate skill, he has made his poetic thought, expressed in his own English words, a part of the literature of the West"
526,The Nobel Peace Prize 1913,Henri La Fontaine,for his unparalleled contribution to the organization of peaceful internationalism
527,Physics 1912,Nils Gustaf Dalén,for his invention of automatic regulators for use in conjunction with gas accumulators for illuminating lighthouses and buoys
528,Chemistry 1912,Victor Grignard,"for the discovery of the so-called Grignard reagent, which in recent years has greatly advanced the progress of organic chemistry"
529,Physiology or Medicine 1912,Alexis Carrel,in recognition of his work on vascular suture and the transplantation of blood vessels and organs
530,Literature 1912,Gerhart Johann Robert Hauptmann,"primarily in recognition of his fruitful, varied and outstanding production in the realm of dramatic art"
531,The Nobel Peace Prize 1912,Elihu Root,for bringing about better understanding between the countries of North and South America and initiating important arbitration agreements between the United States and other countries
532,Physics 1911,Wilhelm Wien,for his discoveries regarding the laws governing the radiation of heat
533,Chemistry 1911,"Marie Curie, née Sklodowska","in recognition of her services to the advancement of chemistry by the discovery of the elements radium and polonium, by the isolation of radium and the study of the nature and compounds of this remarkable element"
534,Physiology or Medicine 1911,Allvar Gullstrand,for his work on the dioptrics of the eye
535,Literature 1911,Count Maurice (Mooris) Polidore Marie Bernhard Maeterlinck,"in appreciation of his many-sided literary activities, and especially of his dramatic works, which are distinguished by a wealth of imagination and by a poetic fancy, which reveals, sometimes in the guise of a fairy tale, a deep inspiration, while in a mysterious way they appeal to the readers’ own feelings and stimulate their imaginations"
536,The Nobel Peace Prize 1911,Tobias Michael Carel Asser,"for his role as co-founder of the Institut de droit international, initiator of the Conferences on International Private Law (Conférences de Droit international privé) at the Hague, and pioneer in the field of international legal relations"
537,Physics 1910,Johannes Diderik van der Waals,for his work on the equation of state for gases and liquids
538,Chemistry 1910,Otto Wallach,in recognition of his services to organic chemistry and the chemical industry by his pioneer work in the field of alicyclic compounds
539,Physiology or Medicine 1910,Albrecht Kossel,"in recognition of the contributions to our knowledge of cell chemistry made through his work on proteins, including the nucleic substances"
540,Literature 1910,Paul Johann Ludwig Heyse,"as a tribute to the consummate artistry, permeated with idealism, which he has demonstrated during his long productive career as a lyric poet, dramatist, novelist and writer of world-renowned short stories"
541,The Nobel Peace Prize 1910,Bureau international permanent de la Paix (Permanent International Peace Bureau),"for acting as a link between the peace societies of the various countries, and helping them to organize the world rallies of the international peace movement"
542,Physics 1909,Guglielmo Marconi and Karl Ferdinand Braun,in recognition of their contributions to the development of wireless telegraphy
543,Chemistry 1909,Wilhelm Ostwald,in recognition of his work on catalysis and for his investigations into the fundamental principles governing chemical equilibria and rates of reaction
544,Physiology or Medicine 1909,Emil Theodor Kocher,"for his work on the physiology, pathology and surgery of the thyroid gland"
545,Literature 1909,Selma Ottilia Lovisa Lagerlöf,"in appreciation of the lofty idealism, vivid imagination and spiritual perception that characterize her writings"
546,The Nobel Peace Prize 1909,"Auguste Marie François Beernaert and Paul Henri Benjamin Balluet d’Estournelles de Constant, Baron de Constant de Rebecque",for their prominent position in the international movement for peace and arbitration
547,Physics 1908,Gabriel Lippmann,for his method of reproducing colours photographically based on the phenomenon of interference
548,Chemistry 1908,Ernest Rutherford,"for his investigations into the disintegration of the elements, and the chemistry of radioactive substances"
549,Physiology or Medicine 1908,Ilya Ilyich Mechnikov and Paul Ehrlich,in recognition of their work on immunity
550,Literature 1908,Rudolf Christoph Eucken,"in recognition of his earnest search for truth, his penetrating power of thought, his wide range of vision, and the warmth and strength in presentation with which in his numerous works he has vindicated and developed an idealistic philosophy of life"
551,The Nobel Peace Prize 1908,Klas Pontus Arnoldson and Fredrik Bajer,"for their long time work for the cause of peace as politicians, peace society leaders, orators and authors"
552,Physics 1907,Albert Abraham Michelson,for his optical precision instruments and the spectroscopic and metrological investigations carried out with their aid
553,Chemistry 1907,Eduard Buchner,for his biochemical researches and his discovery of cell-free fermentation
554,Physiology or Medicine 1907,Charles Louis Alphonse Laveran,in recognition of his work on the role played by protozoa in causing diseases
555,Literature 1907,Rudyard Kipling,"in consideration of the power of observation, originality of imagination, virility of ideas and remarkable talent for narration which characterize the creations of this world-famous author"
556,The Nobel Peace Prize 1907,Ernesto Teodoro Moneta,"for his work in the press and in peace meetings, both public and private, for an understanding between France and Italy"
557,Physics 1906,Joseph John Thomson,in recognition of the great merits of his theoretical and experimental investigations on the conduction of electricity by gases
558,Chemistry 1906,Henri Moissan,"in recognition of the great services rendered by him in his investigation and isolation of the element fluorine, and for the adoption in the service of science of the electric furnace called after him"
559,Physiology or Medicine 1906,Camillo Golgi and Santiago Ramón y Cajal,in recognition of their work on the structure of the nervous system
560,Literature 1906,Giosuè Carducci,"not only in consideration of his deep learning and critical research, but above all as a tribute to the creative energy, freshness of style, and lyrical force which characterize his poetic masterpieces"
561,The Nobel Peace Prize 1906,Theodore Roosevelt,"for his role in bringing to an end the bloody war recently waged between two of the world’s great powers, Japan and Russia"
562,Physics 1905,Philipp Eduard Anton von Lenard,for his work on cathode rays
563,Chemistry 1905,Johann Friedrich Wilhelm Adolf von Baeyer,"in recognition of his services in the advancement of organic chemistry and the chemical industry, through his work on organic dyes and hydroaromatic compounds"
564,Physiology or Medicine 1905,Robert Koch,for his investigations and discoveries in relation to tuberculosis
565,Literature 1905,Henryk Sienkiewicz,because of his outstanding merits as an epic writer
566,The Nobel Peace Prize 1905,Bertha von Suttner,for her audacity to oppose the horrors of war
567,Physics 1904,Lord Rayleigh (John William Strutt),for his investigations of the densities of the most important gases and for his discovery of argon in connection with these studies
568,Chemistry 1904,Sir William Ramsay,"in recognition of his services in the discovery of the inert gaseous elements in air, and his determination of their place in the periodic system"
569,Physiology or Medicine 1904,Ivan Petrovich Pavlov,"in recognition of his work on the physiology of digestion, through which knowledge on vital aspects of the subject has been transformed and enlarged"
570,Literature 1904,Frédéric Mistral,"in recognition of the fresh originality and true inspiration of his poetic production, which faithfully reflects the natural scenery and native spirit of his people, and, in addition, his significant work as a Provençal philologist"
571,The Nobel Peace Prize 1904,Institut de droit international (Institute of International Law),for its striving in public law to develop peaceful ties between nations and to make the laws of war more humane
572,Physics 1903,Antoine Henri Becquerel,in recognition of the extraordinary services he has rendered by his discovery of spontaneous radioactivity
573,Chemistry 1903,Svante August Arrhenius,in recognition of the extraordinary services he has rendered to the advancement of chemistry by his electrolytic theory of dissociation
574,Physiology or Medicine 1903,Niels Ryberg Finsen,"in recognition of his contribution to the treatment of diseases, especially lupus vulgaris, with concentrated light radiation, whereby he has opened a new avenue for medical science"
575,Literature 1903,Bjørnstjerne Martinus Bjørnson,"as a tribute to his noble, magnificent and versatile poetry, which has always been distinguished by both the freshness of its inspiration and the rare purity of its spirit"
576,The Nobel Peace Prize 1903,William Randal Cremer,for his longstanding and devoted effort in favour of the ideas of peace and arbitration
577,Physics 1902,Hendrik Antoon Lorentz and Pieter Zeeman,in recognition of the extraordinary service they rendered by their researches into the influence of magnetism upon radiation phenomena
578,Chemistry 1902,Hermann Emil Fischer,in recognition of the extraordinary services he has rendered by his work on sugar and purine syntheses
579,Physiology or Medicine 1902,Ronald Ross,"for his work on malaria, by which he has shown how it enters the organism and thereby has laid the foundation for successful research on this disease and methods of combating it"
580,Literature 1902,Christian Matthias Theodor Mommsen,"the greatest living master of the art of historical writing, with special reference to his monumental work, A history of Rome"
581,The Nobel Peace Prize 1902,Élie Ducommun,for his untiring and skilful directorship of the Bern Peace Bureau
582,Physics 1901,Wilhelm Conrad Röntgen,in recognition of the extraordinary services he has rendered by the discovery of the remarkable rays subsequently named after him
583,Chemistry 1901,Jacobus Henricus van ‘t Hoff,in recognition of the extraordinary services he has rendered by the discovery of the laws of chemical dynamics and osmotic pressure in solutions
584,Physiology or Medicine 1901,Emil Adolf von Behring,"for his work on serum therapy, especially its application against diphtheria, by which he has opened a new road in the domain of medical science and thereby placed in the hands of the physician a victorious weapon against illness and deaths"
585,Literature 1901,Sully Prudhomme,"in special recognition of his poetic composition, which gives evidence of lofty idealism, artistic perfection and a rare combination of the qualities of both heart and intellect"
586,The Nobel Peace Prize 1901,Jean Henry Dunant,for his humanitarian efforts to help wounded soldiers and create international understanding
